epoch,dice_coefficient,learning_rate,loss,mean_iou,val_dice_coefficient,val_loss,val_mean_iou
0,0.18571016192436218,1.4999999621068127e-05,1.24806547164917,0.497086763381958,0.17143471539020538,1.240325927734375,0.49829980731010437
1,0.22530364990234375,1.4999999621068127e-05,1.14723539352417,0.497314453125,0.19399264454841614,1.172796368598938,0.49829980731010437
2,0.28844356536865234,1.4999999621068127e-05,1.032444953918457,0.4974331557750702,0.36083394289016724,0.9380976557731628,0.49829980731010437
3,0.33583566546440125,1.4999999621068127e-05,0.9595463275909424,0.49769511818885803,0.3903878629207611,0.8950570821762085,0.49829980731010437
4,0.3549503684043884,1.4999999621068127e-05,0.9240540266036987,0.49788913130760193,0.42436426877975464,0.8294259905815125,0.4983023703098297
5,0.35888051986694336,1.4999999621068127e-05,0.9089078903198242,0.49809885025024414,0.439949631690979,0.8220630288124084,0.49829980731010437
6,0.35574325919151306,1.4999999621068127e-05,0.9031100273132324,0.498363196849823,0.4625077247619629,0.780944287776947,0.498299777507782
7,0.36118778586387634,1.4999999621068127e-05,0.8907597661018372,0.4985087215900421,0.4618068337440491,0.7757841348648071,0.498299777507782
8,0.3567237854003906,1.4999999621068127e-05,0.8853586316108704,0.4986349940299988,0.4694017171859741,0.7581775784492493,0.49830755591392517
9,0.36920806765556335,1.4999999621068127e-05,0.8628347516059875,0.4987519383430481,0.46778011322021484,0.7474526166915894,0.49832579493522644
10,0.37934747338294983,1.4999999621068127e-05,0.8407436013221741,0.49883416295051575,0.4676901698112488,0.7478253245353699,0.49836206436157227
11,0.3888337016105652,1.4999999621068127e-05,0.8284162878990173,0.4990542531013489,0.4601263105869293,0.7315641045570374,0.49859917163848877
12,0.39240843057632446,1.4999999621068127e-05,0.8153651356697083,0.49953246116638184,0.491868793964386,0.7048305869102478,0.4990456998348236
13,0.38357043266296387,1.4999999621068127e-05,0.8238317370414734,0.49997928738594055,0.4999474883079529,0.686561644077301,0.5004903674125671
14,0.3830036520957947,1.4999999621068127e-05,0.8194608092308044,0.5022575855255127,0.4791935384273529,0.7031514644622803,0.5033375024795532
15,0.3830069601535797,1.4999999621068127e-05,0.8141363263130188,0.508095383644104,0.4709170460700989,0.6997528672218323,0.5140783786773682
16,0.3785109221935272,1.4999999621068127e-05,0.8163899183273315,0.5280256867408752,0.4671504497528076,0.713238537311554,0.5675187110900879
17,0.37132591009140015,1.4999999621068127e-05,0.8210758566856384,0.5527988076210022,0.48084378242492676,0.7168287634849548,0.6125198602676392
18,0.366443395614624,1.4999999621068127e-05,0.8246350288391113,0.5659265518188477,0.4717320501804352,0.6998243927955627,0.6220381259918213
19,0.3734340965747833,7.499999810534064e-06,0.8118023872375488,0.5756884813308716,0.47742703557014465,0.6894822716712952,0.6238609552383423
20,0.3708774447441101,7.499999810534064e-06,0.8151008486747742,0.5838544368743896,0.4745480716228485,0.6851038336753845,0.6229680776596069
21,0.3877101540565491,7.499999810534064e-06,0.7843401432037354,0.5853192210197449,0.47497865557670593,0.6831872463226318,0.6290709376335144
22,0.3863082528114319,7.499999810534064e-06,0.7871148586273193,0.5956923365592957,0.45759981870651245,0.6933768391609192,0.627884030342102
23,0.39033329486846924,7.499999810534064e-06,0.7797387838363647,0.6021535992622375,0.4778897762298584,0.667030930519104,0.6364810466766357
24,0.37477627396583557,7.499999810534064e-06,0.7992401719093323,0.6002883911132812,0.5026494860649109,0.650632381439209,0.6528810858726501
25,0.35902872681617737,7.499999810534064e-06,0.8180373311042786,0.599075973033905,0.49435877799987793,0.6485846042633057,0.6462317705154419
26,0.3559461534023285,7.499999810534064e-06,0.8165973424911499,0.6005921363830566,0.5254948735237122,0.63153475522995,0.6756186485290527
27,0.3667726218700409,7.499999810534064e-06,0.8047835826873779,0.6068434119224548,0.5016732215881348,0.6436832547187805,0.6536131501197815
28,0.37657156586647034,7.499999810534064e-06,0.7875297665596008,0.6074104905128479,0.5234585404396057,0.6301702857017517,0.676235556602478
29,0.3778277039527893,7.499999810534064e-06,0.7866031527519226,0.6129553914070129,0.5071767568588257,0.6477718353271484,0.6754550933837891
30,0.36302244663238525,7.499999810534064e-06,0.8019567131996155,0.6110068559646606,0.5227686166763306,0.6275386214256287,0.6858133673667908
31,0.3830506205558777,7.499999810534064e-06,0.7766140103340149,0.6234124302864075,0.4981043338775635,0.654378354549408,0.679591953754425
32,0.36523985862731934,7.499999810534064e-06,0.8014446496963501,0.6263424158096313,0.5059981942176819,0.6418244242668152,0.6851271390914917
33,0.3827710747718811,7.499999810534064e-06,0.7764363288879395,0.6280914545059204,0.4927571713924408,0.6468579173088074,0.6727925539016724
34,0.4084933400154114,7.499999810534064e-06,0.7435385584831238,0.6320000290870667,0.4839382469654083,0.6459361910820007,0.6658604145050049
35,0.39082878828048706,7.499999810534064e-06,0.7643176317214966,0.6395226716995239,0.49450501799583435,0.6424643993377686,0.6792858242988586
36,0.4015229344367981,3.749999905267032e-06,0.7506580948829651,0.6469299793243408,0.5031265616416931,0.6296480894088745,0.6795716881752014
37,0.40207168459892273,3.749999905267032e-06,0.7492387294769287,0.6473311185836792,0.5105658173561096,0.632614016532898,0.6855643391609192
38,0.38770800828933716,3.749999905267032e-06,0.7664374113082886,0.6423075199127197,0.5060559511184692,0.6209917664527893,0.6766449213027954
39,0.3815016746520996,3.749999905267032e-06,0.7722473740577698,0.6487721800804138,0.5093979239463806,0.6169973015785217,0.67984938621521
40,0.40663406252861023,3.749999905267032e-06,0.7411977648735046,0.6420120000839233,0.5137751698493958,0.6256007552146912,0.6939020752906799
41,0.4061679542064667,3.749999905267032e-06,0.7421382069587708,0.6504530906677246,0.5149186253547668,0.6155083775520325,0.6881090998649597
42,0.3972793519496918,3.749999905267032e-06,0.7523832321166992,0.6468677520751953,0.5159086585044861,0.6179841160774231,0.6945528984069824
43,0.40843117237091064,3.749999905267032e-06,0.7373734712600708,0.6550695896148682,0.5249804854393005,0.614152729511261,0.6991032958030701
44,0.41513845324516296,3.749999905267032e-06,0.7278851270675659,0.661611795425415,0.5306327939033508,0.6037991642951965,0.6976239681243896
45,0.4231383502483368,3.749999905267032e-06,0.7121332883834839,0.6503340005874634,0.5185776948928833,0.6066797375679016,0.6900341510772705
46,0.42596352100372314,3.749999905267032e-06,0.7114170789718628,0.6549214124679565,0.5182117223739624,0.6122499108314514,0.6940078139305115
47,0.4391246736049652,3.749999905267032e-06,0.6957225799560547,0.6587668657302856,0.5200626254081726,0.6083900332450867,0.695990264415741
48,0.4594043791294098,3.749999905267032e-06,0.6684286594390869,0.6632232666015625,0.508556604385376,0.6182417869567871,0.6927449703216553
49,0.4561830461025238,3.749999905267032e-06,0.6753522157669067,0.6708736419677734,0.4997777044773102,0.6118723750114441,0.6768194437026978
50,0.4517378807067871,1.874999952633516e-06,0.6785107254981995,0.6688421964645386,0.5201795697212219,0.6061567068099976,0.6971979737281799
51,0.4409343898296356,1.874999952633516e-06,0.6948919892311096,0.6690188050270081,0.5119704604148865,0.6131045818328857,0.6925290822982788
52,0.42641931772232056,1.874999952633516e-06,0.7103322148323059,0.6631779074668884,0.5028042793273926,0.6151996850967407,0.6813138723373413
53,0.42991113662719727,1.874999952633516e-06,0.7063547968864441,0.6661485433578491,0.513916015625,0.6098431944847107,0.6905336380004883
54,0.4520912766456604,1.874999952633516e-06,0.6778020858764648,0.6658928990364075,0.5106639266014099,0.6104228496551514,0.6881730556488037
55,0.45893868803977966,9.37499976316758e-07,0.6711795926094055,0.6700915694236755,0.5108303427696228,0.6095082759857178,0.687746524810791
56,0.4493955075740814,9.37499976316758e-07,0.6834958791732788,0.6736908555030823,0.5112258791923523,0.6085955500602722,0.6877281069755554
57,0.45977964997291565,9.37499976316758e-07,0.6672999262809753,0.66868656873703,0.5113086700439453,0.6098040342330933,0.6897569894790649
58,0.4686783254146576,9.37499976316758e-07,0.6573389172554016,0.6645612120628357,0.5074192881584167,0.6103126406669617,0.6869709491729736
59,0.4751373529434204,9.37499976316758e-07,0.6477198600769043,0.6676380038261414,0.516553521156311,0.6036878824234009,0.6920740008354187
60,0.46039843559265137,9.37499976316758e-07,0.6659932136535645,0.6684806942939758,0.5108387470245361,0.6071740984916687,0.688348650932312
61,0.44869303703308105,9.37499976316758e-07,0.680275559425354,0.6665897369384766,0.5117950439453125,0.6081618070602417,0.690504252910614
62,0.4434955418109894,9.37499976316758e-07,0.6871274709701538,0.6683712005615234,0.5167424082756042,0.603047788143158,0.6918086409568787
63,0.4519292414188385,9.37499976316758e-07,0.6773775815963745,0.6641777753829956,0.5149293541908264,0.6020292639732361,0.6903917789459229
64,0.4641622006893158,9.37499976316758e-07,0.6621214151382446,0.6723729968070984,0.5203049182891846,0.6027726531028748,0.6980646252632141
65,0.43994149565696716,9.37499976316758e-07,0.6947198510169983,0.670209527015686,0.5134835243225098,0.606843888759613,0.6925129890441895
66,0.4520907402038574,9.37499976316758e-07,0.6822713613510132,0.6753420233726501,0.5123538374900818,0.6086817979812622,0.6924834847450256
67,0.4391539692878723,9.37499976316758e-07,0.695508599281311,0.6728675961494446,0.5195755958557129,0.6028968095779419,0.6965203285217285
68,0.4239486753940582,9.37499976316758e-07,0.7170597314834595,0.6742962598800659,0.5174525380134583,0.6024320125579834,0.6937703490257263
69,0.41772496700286865,4.999999987376214e-07,0.7232688665390015,0.6743316650390625,0.5148592591285706,0.6033904552459717,0.691886842250824
70,0.43415045738220215,4.999999987376214e-07,0.7000465989112854,0.6682981848716736,0.5160635709762573,0.6007644534111023,0.6917873620986938
71,0.4409622251987457,4.999999987376214e-07,0.6916102170944214,0.6684567928314209,0.5173869132995605,0.6003677248954773,0.6942692995071411
72,0.44031742215156555,4.999999987376214e-07,0.6922445297241211,0.6737698316574097,0.514460027217865,0.6055791974067688,0.6957265734672546
73,0.4242669343948364,4.999999987376214e-07,0.713124692440033,0.6738384962081909,0.5168885588645935,0.600896418094635,0.6937692761421204
74,0.4133465588092804,4.999999987376214e-07,0.7255760431289673,0.6748892068862915,0.5158350467681885,0.60303795337677,0.6949923038482666
75,0.4338284432888031,4.999999987376214e-07,0.6956630945205688,0.6703031659126282,0.5177896618843079,0.6014178991317749,0.6960406303405762
76,0.43048804998397827,4.999999987376214e-07,0.7010653614997864,0.6726315021514893,0.5174757838249207,0.6005979776382446,0.6950818300247192
77,0.43696606159210205,4.999999987376214e-07,0.6961410045623779,0.6780775785446167,0.5162653923034668,0.5989754796028137,0.6924439072608948
78,0.41848325729370117,4.999999987376214e-07,0.7145421504974365,0.6690841913223267,0.5169966220855713,0.5999348163604736,0.6935885548591614
79,0.42091959714889526,4.999999987376214e-07,0.7138655185699463,0.6724423170089722,0.5147316455841064,0.601969301700592,0.693320631980896
80,0.4351988136768341,4.999999987376214e-07,0.6961270570755005,0.676372766494751,0.5157445073127747,0.6013453602790833,0.6938498020172119
81,0.4565342664718628,4.999999987376214e-07,0.6712930798530579,0.6787320971488953,0.5153099298477173,0.601442277431488,0.69283127784729
82,0.4561040997505188,4.999999987376214e-07,0.6732462048530579,0.6718975305557251,0.5175797939300537,0.5997931957244873,0.6946286559104919
83,0.4629184901714325,4.999999987376214e-07,0.6588212847709656,0.6710669994354248,0.5178651809692383,0.5997615456581116,0.6953701972961426
84,0.4583824872970581,4.999999987376214e-07,0.6648227572441101,0.6663599610328674,0.5205395221710205,0.5972565412521362,0.6962225437164307
85,0.46634820103645325,4.999999987376214e-07,0.6549119353294373,0.6644355654716492,0.5197015404701233,0.600580096244812,0.6973636150360107
86,0.45972445607185364,4.999999987376214e-07,0.6620000004768372,0.6722185015678406,0.5172308087348938,0.5984525680541992,0.6933488845825195
87,0.4702654778957367,4.999999987376214e-07,0.6496903896331787,0.6701014041900635,0.5182956457138062,0.5944736003875732,0.6910730600357056
88,0.48310261964797974,4.999999987376214e-07,0.6337459683418274,0.6746290326118469,0.5177618265151978,0.5961582660675049,0.6927706003189087
89,0.4555133879184723,4.999999987376214e-07,0.6703122854232788,0.6735830903053284,0.5211666226387024,0.5923324823379517,0.6939809322357178
90,0.4428889751434326,4.999999987376214e-07,0.6889181137084961,0.6707109808921814,0.5168677568435669,0.5949161052703857,0.6906251311302185
91,0.4249979853630066,4.999999987376214e-07,0.7075052261352539,0.6665183305740356,0.5220597982406616,0.5920735597610474,0.6959381699562073
92,0.44962576031684875,4.999999987376214e-07,0.6820017695426941,0.6764052510261536,0.5276342034339905,0.5903280973434448,0.7006648182868958
93,0.44881364703178406,4.999999987376214e-07,0.6841961145401001,0.6815445423126221,0.5246981382369995,0.5921419858932495,0.6991647481918335
94,0.4477786123752594,4.999999987376214e-07,0.6806917190551758,0.6748735904693604,0.5183141231536865,0.597273588180542,0.6954244375228882
95,0.45205867290496826,4.999999987376214e-07,0.677112340927124,0.6793505549430847,0.5201131701469421,0.5952051877975464,0.6955499053001404
96,0.4402671456336975,4.999999987376214e-07,0.692179262638092,0.6738095283508301,0.5178752541542053,0.5965474843978882,0.6935451626777649
97,0.44282785058021545,4.999999987376214e-07,0.6874974966049194,0.6714143753051758,0.5138124823570251,0.5966199040412903,0.6903802752494812
98,0.41641858220100403,4.999999987376214e-07,0.7215027213096619,0.674996018409729,0.5171747803688049,0.595778226852417,0.6931847929954529
99,0.43184685707092285,4.999999987376214e-07,0.7013248205184937,0.6779881119728088,0.517576277256012,0.5951632261276245,0.6937007904052734
100,0.4466000497341156,4.999999987376214e-07,0.6834011673927307,0.6796718835830688,0.5163617730140686,0.5964475870132446,0.6937888860702515
101,0.4357072710990906,4.999999987376214e-07,0.6975269913673401,0.6843081712722778,0.5144091844558716,0.5973493456840515,0.6924309134483337
102,0.45429375767707825,4.999999987376214e-07,0.6761907935142517,0.683946967124939,0.5169336795806885,0.5976269245147705,0.696410059928894
103,0.42763403058052063,4.999999987376214e-07,0.708075761795044,0.6894043684005737,0.5202162265777588,0.5938421487808228,0.696923553943634
104,0.44804057478904724,4.999999987376214e-07,0.6801244020462036,0.684768795967102,0.5179306268692017,0.5967317223548889,0.6974619626998901
105,0.44737327098846436,4.999999987376214e-07,0.6842758059501648,0.6847625970840454,0.5181267261505127,0.5966152548789978,0.6976098418235779
106,0.46397754549980164,4.999999987376214e-07,0.6639568209648132,0.6902786493301392,0.5202516913414001,0.5951719284057617,0.6991004943847656
107,0.4499378502368927,4.999999987376214e-07,0.6820463538169861,0.6885542869567871,0.514739990234375,0.5974962711334229,0.6944780945777893
108,0.47888392210006714,4.999999987376214e-07,0.6410741209983826,0.6854630708694458,0.5178936719894409,0.5966695547103882,0.6972118616104126
109,0.47731009125709534,4.999999987376214e-07,0.6440045237541199,0.6797704696655273,0.5164876580238342,0.5996718406677246,0.6978436708450317
110,0.4551129937171936,4.999999987376214e-07,0.6734017133712769,0.6824937462806702,0.5156640410423279,0.5992491245269775,0.6963717341423035
111,0.45116686820983887,4.999999987376214e-07,0.6783540844917297,0.6784393787384033,0.5149034261703491,0.5982818603515625,0.6947209239006042
112,0.45959073305130005,4.999999987376214e-07,0.6706098914146423,0.6903805136680603,0.5158479809761047,0.6020300388336182,0.6986827254295349
113,0.45410725474357605,4.999999987376214e-07,0.6779024600982666,0.6917799115180969,0.5149998664855957,0.5961045026779175,0.6921749711036682
114,0.44197332859039307,4.999999987376214e-07,0.6891302466392517,0.6832138299942017,0.5213384032249451,0.5936359167098999,0.6979961395263672
115,0.43648189306259155,4.999999987376214e-07,0.6964117288589478,0.6825574636459351,0.5129199028015137,0.5991827249526978,0.6923292875289917
116,0.4276270270347595,4.999999987376214e-07,0.7027329206466675,0.6775915622711182,0.5135399699211121,0.600064754486084,0.6939001083374023
117,0.4369152784347534,4.999999987376214e-07,0.6932225823402405,0.6796665191650391,0.5213072896003723,0.5970271825790405,0.7001354098320007
118,0.46126243472099304,4.999999987376214e-07,0.6673221588134766,0.6874656677246094,0.518802285194397,0.5973848700523376,0.6981258392333984
119,0.4841717481613159,4.999999987376214e-07,0.6364158391952515,0.6852272748947144,0.5168112516403198,0.5968755483627319,0.6955752968788147
120,0.45364949107170105,4.999999987376214e-07,0.6762272715568542,0.6762298941612244,0.5119909048080444,0.5998275279998779,0.6916152834892273
121,0.45591965317726135,4.999999987376214e-07,0.6758505702018738,0.6828771233558655,0.5169506669044495,0.5958086848258972,0.6949787139892578
122,0.45726513862609863,4.999999987376214e-07,0.67247474193573,0.6851363182067871,0.5174770355224609,0.5981097221374512,0.6966490745544434
123,0.46514102816581726,4.999999987376214e-07,0.6556195020675659,0.6764761805534363,0.5138347744941711,0.5978977084159851,0.6918284296989441
124,0.4576018750667572,4.999999987376214e-07,0.6638181209564209,0.6814268231391907,0.514985978603363,0.5962885618209839,0.6922751665115356
125,0.47823798656463623,4.999999987376214e-07,0.6393889784812927,0.6858381628990173,0.5144321322441101,0.5971487164497375,0.6923920512199402
126,0.4674701988697052,4.999999987376214e-07,0.6534468531608582,0.6868133544921875,0.5118875503540039,0.5994500517845154,0.6911301612854004
127,0.4612795114517212,4.999999987376214e-07,0.6590192914009094,0.6869237422943115,0.5152188539505005,0.5966351628303528,0.6936227083206177
128,0.4701109528541565,4.999999987376214e-07,0.6496548056602478,0.6852321624755859,0.5170583724975586,0.5934520363807678,0.693853497505188
129,0.4964703321456909,4.999999987376214e-07,0.6163392663002014,0.6892557144165039,0.5199317336082458,0.5921947360038757,0.6961121559143066
130,0.4924620985984802,4.999999987376214e-07,0.6286541819572449,0.6963106393814087,0.5171626806259155,0.5924597382545471,0.6934285163879395
131,0.49729570746421814,4.999999987376214e-07,0.6193563938140869,0.6917998194694519,0.5132310390472412,0.5947093963623047,0.6920678615570068
132,0.5005860924720764,4.999999987376214e-07,0.6149648427963257,0.6936520338058472,0.515192985534668,0.5940361022949219,0.6935973167419434
133,0.49948954582214355,4.999999987376214e-07,0.6180912852287292,0.6882925033569336,0.5167547464370728,0.5938968062400818,0.6957496404647827
134,0.48011520504951477,4.999999987376214e-07,0.6382478475570679,0.6822179555892944,0.5220978260040283,0.5925461053848267,0.7007575035095215
135,0.4772302806377411,4.999999987376214e-07,0.6369923949241638,0.6830512285232544,0.519851803779602,0.591745913028717,0.6980143785476685
136,0.4768255352973938,4.999999987376214e-07,0.6384261250495911,0.6812589168548584,0.5246092677116394,0.5906868577003479,0.7019638419151306
137,0.4542417526245117,4.999999987376214e-07,0.6671262383460999,0.6852654218673706,0.5248661637306213,0.5910877585411072,0.7023457884788513
138,0.4707266688346863,4.999999987376214e-07,0.6500492095947266,0.6929729580879211,0.5266892313957214,0.5898185968399048,0.7034270763397217
139,0.4564119875431061,4.999999987376214e-07,0.6669520139694214,0.6874107122421265,0.5237597823143005,0.5928226709365845,0.7037675380706787
140,0.43222296237945557,4.999999987376214e-07,0.6948550343513489,0.6831585764884949,0.5235620737075806,0.5915592312812805,0.7024815082550049
141,0.4363853633403778,4.999999987376214e-07,0.6913816928863525,0.6888598799705505,0.524450421333313,0.5923382043838501,0.7038804888725281
142,0.4170069694519043,4.999999987376214e-07,0.7167721390724182,0.6884117722511292,0.5209916234016418,0.5911241769790649,0.699215292930603
143,0.41235312819480896,4.999999987376214e-07,0.7208394408226013,0.6876187324523926,0.5211405754089355,0.5916328430175781,0.6998516917228699
144,0.4183351397514343,4.999999987376214e-07,0.7149966955184937,0.6853535175323486,0.5173963904380798,0.5935714840888977,0.6971367597579956
145,0.39928966760635376,4.999999987376214e-07,0.7401356101036072,0.6867266893386841,0.5212299227714539,0.593758761882782,0.7018409967422485
146,0.4045095443725586,4.999999987376214e-07,0.7300644516944885,0.6869781017303467,0.5227245688438416,0.5913147330284119,0.7018110752105713
147,0.4250401258468628,4.999999987376214e-07,0.7053250074386597,0.6907098293304443,0.5237770676612854,0.5902151465415955,0.7024514675140381
148,0.41821643710136414,4.999999987376214e-07,0.7148390412330627,0.6877520084381104,0.5234477519989014,0.5899008512496948,0.7011438012123108
149,0.4202122390270233,4.999999987376214e-07,0.7134588956832886,0.6894673109054565,0.5227917432785034,0.5908170342445374,0.7015708088874817
150,0.4193044602870941,4.999999987376214e-07,0.7146379947662354,0.6894921064376831,0.5230000615119934,0.5883504152297974,0.6998276710510254
151,0.4241451919078827,4.999999987376214e-07,0.7092081904411316,0.690678596496582,0.5240744352340698,0.5891036987304688,0.7018455266952515
152,0.43915459513664246,4.999999987376214e-07,0.6877490878105164,0.6877367496490479,0.5194089412689209,0.5913506150245667,0.6975039839744568
153,0.45216119289398193,4.999999987376214e-07,0.6738595366477966,0.6885011196136475,0.5216837525367737,0.589137613773346,0.6985758543014526
154,0.4537680149078369,4.999999987376214e-07,0.6733154654502869,0.6910470128059387,0.5239425301551819,0.5885530114173889,0.700951099395752
155,0.45509037375450134,4.999999987376214e-07,0.6705681085586548,0.6950170993804932,0.5204192996025085,0.5912038087844849,0.6998509764671326
156,0.475088894367218,4.999999987376214e-07,0.6423754096031189,0.6920204162597656,0.5170120000839233,0.5922003984451294,0.6958752870559692
157,0.46308645606040955,4.999999987376214e-07,0.6609253883361816,0.6929391622543335,0.5178468823432922,0.5935274958610535,0.698121190071106
158,0.472275972366333,4.999999987376214e-07,0.6465768814086914,0.6900681257247925,0.5182422399520874,0.5912027359008789,0.6970189213752747
159,0.4996999204158783,4.999999987376214e-07,0.6156405210494995,0.6949403882026672,0.5175351500511169,0.5917275547981262,0.6959718465805054
160,0.46801790595054626,4.999999987376214e-07,0.6552842855453491,0.6876831650733948,0.520426332950592,0.5910406708717346,0.6995123624801636
161,0.4608742892742157,4.999999987376214e-07,0.6639056205749512,0.6796144247055054,0.5179254412651062,0.5918997526168823,0.6966701745986938
162,0.4530775845050812,4.999999987376214e-07,0.6697590351104736,0.6802775859832764,0.5145069360733032,0.5950903296470642,0.6962189674377441
163,0.4653647840023041,4.999999987376214e-07,0.6521950364112854,0.6854796409606934,0.5189297199249268,0.5935230255126953,0.6990916728973389
164,0.46658700704574585,4.999999987376214e-07,0.6538049578666687,0.6848926544189453,0.51922208070755,0.5927295684814453,0.6998703479766846
165,0.45979082584381104,4.999999987376214e-07,0.6598109602928162,0.685547947883606,0.5192816257476807,0.5904896259307861,0.6984811425209045
166,0.4770287573337555,4.999999987376214e-07,0.6413613557815552,0.6870639324188232,0.5177292227745056,0.5913304686546326,0.6980838179588318
167,0.48846128582954407,4.999999987376214e-07,0.6237704753875732,0.685695469379425,0.5151305198669434,0.5951759219169617,0.6976529359817505
168,0.48894861340522766,4.999999987376214e-07,0.6235824823379517,0.6864817142486572,0.5185990929603577,0.5926898717880249,0.700202226638794
169,0.47431305050849915,4.999999987376214e-07,0.6433569192886353,0.6854197382926941,0.5147884488105774,0.5938032269477844,0.6963524222373962
170,0.4499587118625641,4.999999987376214e-07,0.6728941202163696,0.6857364177703857,0.5144242644309998,0.5938661694526672,0.6968988180160522
171,0.47275474667549133,4.999999987376214e-07,0.6441759467124939,0.6913377046585083,0.5174044370651245,0.5925022959709167,0.6985952854156494
172,0.46339312195777893,4.999999987376214e-07,0.655153751373291,0.6894739866256714,0.5151494145393372,0.5932610630989075,0.6973774433135986
173,0.4668160080909729,4.999999987376214e-07,0.6513751745223999,0.6863115429878235,0.5169885158538818,0.5935831069946289,0.6994550824165344
174,0.4626384973526001,4.999999987376214e-07,0.6604632139205933,0.6916959881782532,0.5205457210540771,0.5894370079040527,0.7000387907028198
175,0.45961666107177734,4.999999987376214e-07,0.6593703627586365,0.6899612545967102,0.5199114084243774,0.5884722471237183,0.6982249021530151
176,0.45812028646469116,4.999999987376214e-07,0.6621671915054321,0.690752387046814,0.5229040384292603,0.5888481736183167,0.7023744583129883
177,0.48099732398986816,4.999999987376214e-07,0.6320536136627197,0.6918985843658447,0.5205220580101013,0.5886858105659485,0.7009084224700928
178,0.46594539284706116,4.999999987376214e-07,0.6500871181488037,0.6868360042572021,0.5168588161468506,0.5928835868835449,0.6995278000831604
179,0.4567001163959503,4.999999987376214e-07,0.6621216535568237,0.6793570518493652,0.5230169892311096,0.589008092880249,0.7029478549957275
180,0.45292019844055176,4.999999987376214e-07,0.6676075458526611,0.6845247149467468,0.5198071599006653,0.5910192728042603,0.7018798589706421
181,0.4404866397380829,4.999999987376214e-07,0.6839052438735962,0.679185688495636,0.522677481174469,0.5863633155822754,0.700904369354248
182,0.453035831451416,4.999999987376214e-07,0.6673504710197449,0.6763123869895935,0.5155760049819946,0.5899942517280579,0.6970169544219971
183,0.46260005235671997,4.999999987376214e-07,0.6569914221763611,0.6763232946395874,0.5182371735572815,0.5884097814559937,0.6986669898033142
184,0.4508988559246063,4.999999987376214e-07,0.6698176264762878,0.6748542785644531,0.5190269947052002,0.5880457162857056,0.6993190050125122
185,0.47049853205680847,4.999999987376214e-07,0.646514356136322,0.6794701814651489,0.518573522567749,0.5883382558822632,0.6993036270141602
186,0.464452862739563,4.999999987376214e-07,0.6537504196166992,0.6844210624694824,0.5178854465484619,0.589208722114563,0.6996046304702759
187,0.47413334250450134,4.999999987376214e-07,0.6438907980918884,0.6902989149093628,0.5219467878341675,0.5874043107032776,0.7027584314346313
188,0.47777900099754333,4.999999987376214e-07,0.6412693858146667,0.6920939087867737,0.5235803723335266,0.5848684310913086,0.7029746770858765
189,0.4782736599445343,4.999999987376214e-07,0.6361621618270874,0.6914982795715332,0.525783896446228,0.583498477935791,0.7043073177337646
190,0.4634234309196472,4.999999987376214e-07,0.6566269993782043,0.6844431161880493,0.5232468843460083,0.5842026472091675,0.7019888162612915
191,0.46438539028167725,4.999999987376214e-07,0.655006468296051,0.6880718469619751,0.5182191729545593,0.5869733691215515,0.6977349519729614
192,0.4846060276031494,4.999999987376214e-07,0.632154643535614,0.6900162696838379,0.5251736044883728,0.5812614560127258,0.6997360587120056
193,0.4883001744747162,4.999999987376214e-07,0.6290997862815857,0.6936353445053101,0.5208935141563416,0.5836981534957886,0.6974911093711853
194,0.4903070628643036,4.999999987376214e-07,0.6261289715766907,0.6955535411834717,0.5232037901878357,0.5824095606803894,0.6985414028167725
195,0.4703628718852997,4.999999987376214e-07,0.6474693417549133,0.6905242204666138,0.5226640701293945,0.5838009715080261,0.699604868888855
196,0.45134297013282776,4.999999987376214e-07,0.6739826202392578,0.6893302202224731,0.520460307598114,0.5846198201179504,0.6973108053207397
197,0.47935211658477783,4.999999987376214e-07,0.6371358036994934,0.6928160190582275,0.5208141207695007,0.5858055353164673,0.6988712549209595
198,0.46282410621643066,4.999999987376214e-07,0.6568902134895325,0.6963756084442139,0.5215613842010498,0.5836676359176636,0.6986809372901917
199,0.4535980522632599,4.999999987376214e-07,0.6671905517578125,0.6946835517883301,0.5206134915351868,0.5848892331123352,0.6979790329933167
200,0.43754222989082336,4.999999987376214e-07,0.6879428029060364,0.6952927708625793,0.5203876495361328,0.5856786370277405,0.6980749368667603
201,0.4197537302970886,4.999999987376214e-07,0.7070080637931824,0.6874204874038696,0.520959198474884,0.583494246006012,0.696941077709198
202,0.4415128231048584,4.999999987376214e-07,0.6850874423980713,0.6952019929885864,0.5182645916938782,0.5844687223434448,0.694836437702179
203,0.46255090832710266,4.999999987376214e-07,0.6583880186080933,0.6963263154029846,0.5198702812194824,0.5835854411125183,0.6967521905899048
204,0.46935945749282837,4.999999987376214e-07,0.6462326049804688,0.6934036016464233,0.5239125490188599,0.5833187699317932,0.7010945081710815
205,0.4800165295600891,4.999999987376214e-07,0.6324276328086853,0.6920948028564453,0.5212177038192749,0.582252562046051,0.6970854997634888
206,0.4847734868526459,4.999999987376214e-07,0.6274042725563049,0.6968171000480652,0.5154432058334351,0.5855244398117065,0.692946195602417
207,0.5151487588882446,4.999999987376214e-07,0.5896415114402771,0.700051486492157,0.5209341645240784,0.5810219049453735,0.6962669491767883
208,0.5076597332954407,4.999999987376214e-07,0.600273847579956,0.7007124423980713,0.5225505828857422,0.5807662606239319,0.6977115869522095
209,0.5011933445930481,4.999999987376214e-07,0.60728919506073,0.6997801065444946,0.5251701474189758,0.5778055787086487,0.6982861757278442
210,0.4697229266166687,4.999999987376214e-07,0.6476356387138367,0.7006942629814148,0.5179409384727478,0.5825065970420837,0.6928337812423706
211,0.4653243124485016,4.999999987376214e-07,0.6508541107177734,0.6982284784317017,0.5214265584945679,0.580472469329834,0.6960312128067017
212,0.47226592898368835,4.999999987376214e-07,0.6431258916854858,0.6973809599876404,0.5201241374015808,0.5830634236335754,0.697006106376648
213,0.433541476726532,4.999999987376214e-07,0.6919409036636353,0.6946331858634949,0.5212799906730652,0.5831831097602844,0.6982684135437012
214,0.44227418303489685,4.999999987376214e-07,0.681411862373352,0.6978045105934143,0.5233505964279175,0.581391453742981,0.6994496583938599
215,0.443725049495697,4.999999987376214e-07,0.6771163940429688,0.6882573962211609,0.5223430395126343,0.5829857587814331,0.7005100250244141
216,0.45156848430633545,4.999999987376214e-07,0.6701642870903015,0.684116005897522,0.5216928720474243,0.5835554003715515,0.7003297209739685
217,0.45851483941078186,4.999999987376214e-07,0.6629140973091125,0.6870033740997314,0.5235232710838318,0.5831456184387207,0.7026016712188721
218,0.45327284932136536,4.999999987376214e-07,0.668832004070282,0.6883102655410767,0.5252810120582581,0.5842874646186829,0.7049343585968018
219,0.45614129304885864,4.999999987376214e-07,0.664314866065979,0.6901417374610901,0.521528959274292,0.582424521446228,0.6985160708427429
220,0.46595245599746704,4.999999987376214e-07,0.6533827185630798,0.6945444941520691,0.5231951475143433,0.5808963179588318,0.699782133102417
221,0.47046199440956116,4.999999987376214e-07,0.6424773931503296,0.6941359043121338,0.5206035375595093,0.5825448036193848,0.6982457041740417
222,0.45741650462150574,4.999999987376214e-07,0.657069206237793,0.6887131929397583,0.5234797596931458,0.5809803605079651,0.7005138993263245
223,0.4781355559825897,4.999999987376214e-07,0.635955274105072,0.693411648273468,0.5205944776535034,0.5800988674163818,0.6970162391662598
224,0.4807139039039612,4.999999987376214e-07,0.6290369629859924,0.6888584494590759,0.5267534255981445,0.5803962349891663,0.704645574092865
225,0.4831288456916809,4.999999987376214e-07,0.6296172738075256,0.6921600103378296,0.5154779553413391,0.5841333270072937,0.6950945854187012
226,0.4560028314590454,4.999999987376214e-07,0.6638911962509155,0.691981852054596,0.5179355144500732,0.5827101469039917,0.6972090005874634
227,0.4403725266456604,4.999999987376214e-07,0.6837364435195923,0.6916367411613464,0.5243770480155945,0.5804116725921631,0.7011882066726685
228,0.4706875681877136,4.999999987376214e-07,0.6457895636558533,0.6959942579269409,0.5177358984947205,0.5826396346092224,0.6955305337905884
229,0.4934094250202179,4.999999987376214e-07,0.6168563365936279,0.6933313608169556,0.5201337933540344,0.5820062756538391,0.6983693838119507
230,0.46000906825065613,4.999999987376214e-07,0.6583569049835205,0.6932974457740784,0.5222450494766235,0.5809118747711182,0.7003209590911865
231,0.4491896629333496,4.999999987376214e-07,0.6711540818214417,0.6943855881690979,0.5252262353897095,0.5786819458007812,0.7017827033996582
232,0.450967013835907,4.999999987376214e-07,0.6725610494613647,0.6959617137908936,0.5182554721832275,0.5830714106559753,0.6968107223510742
233,0.4666263163089752,4.999999987376214e-07,0.6495972871780396,0.6956360340118408,0.5157322287559509,0.5842760801315308,0.6951907873153687
234,0.4853166937828064,4.999999987376214e-07,0.6259878277778625,0.6996952295303345,0.5173146724700928,0.5827736854553223,0.6959142088890076
235,0.4684668183326721,4.999999987376214e-07,0.6460001468658447,0.6929901838302612,0.5214390754699707,0.5797102451324463,0.6991357803344727
236,0.4712425470352173,4.999999987376214e-07,0.6450239419937134,0.6967576146125793,0.5217520594596863,0.5790405869483948,0.6989243626594543
237,0.46002674102783203,4.999999987376214e-07,0.6578009724617004,0.6940861940383911,0.5154854655265808,0.5827574729919434,0.6935490369796753
238,0.46997055411338806,4.999999987376214e-07,0.6433156132698059,0.6945415139198303,0.51788330078125,0.5836867094039917,0.6970447897911072
239,0.4762597680091858,4.999999987376214e-07,0.636798083782196,0.6926864385604858,0.5176771283149719,0.583274781703949,0.6968038082122803
240,0.4834319055080414,4.999999987376214e-07,0.6216636896133423,0.6896921396255493,0.5204126834869385,0.5826359391212463,0.6996268630027771
241,0.49178943037986755,4.999999987376214e-07,0.6173639893531799,0.6943135261535645,0.5206372141838074,0.5820690393447876,0.699889063835144
242,0.490011066198349,4.999999987376214e-07,0.620779275894165,0.6979336738586426,0.5198153257369995,0.5826884508132935,0.6998980045318604
243,0.4945984184741974,4.999999987376214e-07,0.613062858581543,0.6963697075843811,0.5223913788795471,0.5831601619720459,0.702786922454834
244,0.48931407928466797,4.999999987376214e-07,0.6218103170394897,0.6975920796394348,0.523037850856781,0.5831224322319031,0.7039387226104736
245,0.5001957416534424,4.999999987376214e-07,0.6098424196243286,0.7039103507995605,0.5221936106681824,0.5827144980430603,0.7026846408843994
246,0.488852322101593,4.999999987376214e-07,0.624934732913971,0.7039969563484192,0.5213634371757507,0.5833351016044617,0.7013771533966064
247,0.4924168288707733,4.999999987376214e-07,0.618621826171875,0.7037132978439331,0.5236932039260864,0.5816106796264648,0.7028611302375793
248,0.4651543200016022,4.999999987376214e-07,0.649941623210907,0.6999604105949402,0.5170247554779053,0.5866168141365051,0.6994747519493103
249,0.4571388065814972,4.999999987376214e-07,0.6611121296882629,0.6986968517303467,0.5163938403129578,0.5879227519035339,0.6996130347251892
250,0.4650772213935852,4.999999987376214e-07,0.6488001346588135,0.6985113620758057,0.5185364484786987,0.5889967679977417,0.7028791308403015
251,0.4739001989364624,4.999999987376214e-07,0.6403316259384155,0.7015995979309082,0.5190964341163635,0.5876873135566711,0.7030072212219238
252,0.4635007381439209,4.999999987376214e-07,0.6526961922645569,0.699679970741272,0.522674024105072,0.5849752426147461,0.7052459716796875
253,0.4543687403202057,4.999999987376214e-07,0.6668751835823059,0.6997947096824646,0.5218700170516968,0.5864185094833374,0.7053050994873047
254,0.4331498444080353,4.999999987376214e-07,0.6927287578582764,0.6998695731163025,0.5211990475654602,0.5846588611602783,0.7028453350067139
255,0.4192650318145752,4.999999987376214e-07,0.7068089246749878,0.7016595005989075,0.5233441591262817,0.5840741991996765,0.7051233649253845
256,0.43799903988838196,4.999999987376214e-07,0.6860529184341431,0.7023496627807617,0.519498348236084,0.5844005346298218,0.7009837627410889
257,0.4469394087791443,4.999999987376214e-07,0.6742918491363525,0.6987656950950623,0.5216630697250366,0.5818114280700684,0.7018880248069763
258,0.4734141528606415,4.999999987376214e-07,0.6449896693229675,0.7027621269226074,0.5185399651527405,0.5830501914024353,0.6995093822479248
259,0.49270403385162354,4.999999987376214e-07,0.6211232542991638,0.7080388069152832,0.5221303105354309,0.580795407295227,0.7028583288192749
260,0.4635542631149292,4.999999987376214e-07,0.6566684246063232,0.7054619789123535,0.5193532705307007,0.5834681987762451,0.7025817632675171
261,0.4501916468143463,4.999999987376214e-07,0.6759927868843079,0.7096083760261536,0.5210023522377014,0.5809050798416138,0.702556312084198
262,0.45495060086250305,4.999999987376214e-07,0.6656302213668823,0.7113116383552551,0.5206025242805481,0.5837385654449463,0.7043731212615967
263,0.45841270685195923,4.999999987376214e-07,0.6655692458152771,0.710647702217102,0.5185884237289429,0.581626832485199,0.7011948823928833
264,0.4399610757827759,4.999999987376214e-07,0.6854503154754639,0.7019628286361694,0.5191425085067749,0.5843508243560791,0.7028235793113708
265,0.46594759821891785,4.999999987376214e-07,0.6559836864471436,0.7093549370765686,0.5196225643157959,0.5841191411018372,0.7029189467430115
266,0.45237356424331665,4.999999987376214e-07,0.6699784994125366,0.7059746980667114,0.5177627801895142,0.5855018496513367,0.7016281485557556
267,0.4304906129837036,4.999999987376214e-07,0.6970286965370178,0.693343997001648,0.5169820785522461,0.5901333689689636,0.7037165760993958
268,0.4379080832004547,4.999999987376214e-07,0.6871130466461182,0.6927323341369629,0.5184723734855652,0.5842925310134888,0.7019980549812317
269,0.44898325204849243,4.999999987376214e-07,0.6700372099876404,0.6946909427642822,0.5224329829216003,0.5834720730781555,0.7062662243843079
270,0.44913405179977417,4.999999987376214e-07,0.6700881123542786,0.6974273920059204,0.5182719230651855,0.5858963131904602,0.7034609317779541
271,0.46967530250549316,4.999999987376214e-07,0.6442956924438477,0.6989113092422485,0.516353189945221,0.5843839645385742,0.7010191082954407
272,0.46487316489219666,4.999999987376214e-07,0.6495529413223267,0.7075653672218323,0.5163614749908447,0.5850059986114502,0.7007964849472046
273,0.4502333998680115,4.999999987376214e-07,0.6668969392776489,0.7001355290412903,0.5152841806411743,0.5864589810371399,0.7003881931304932
274,0.47307130694389343,4.999999987376214e-07,0.6354207396507263,0.6994437575340271,0.5122331976890564,0.5843712091445923,0.6952997446060181
275,0.4715862572193146,4.999999987376214e-07,0.6324688196182251,0.6914623975753784,0.5167171955108643,0.5821608304977417,0.6992738246917725
276,0.4565245807170868,4.999999987376214e-07,0.6576059460639954,0.6979503035545349,0.5146811008453369,0.5877882242202759,0.7012737989425659
277,0.47652438282966614,4.999999987376214e-07,0.6324395537376404,0.6951842904090881,0.514380931854248,0.5853438973426819,0.6997480988502502
278,0.48053640127182007,4.999999987376214e-07,0.6274970769882202,0.70107102394104,0.5188834071159363,0.5822150111198425,0.7016136646270752
279,0.483956515789032,4.999999987376214e-07,0.6214421987533569,0.6944665312767029,0.5179271101951599,0.5808606147766113,0.700229287147522
280,0.4689308702945709,4.999999987376214e-07,0.6407216191291809,0.6945545077323914,0.5140515565872192,0.586031436920166,0.7007879018783569
281,0.4735511541366577,4.999999987376214e-07,0.6382626891136169,0.7026881575584412,0.514228343963623,0.5849631428718567,0.6996798515319824
282,0.4780491292476654,4.999999987376214e-07,0.6329707503318787,0.7011337280273438,0.5114962458610535,0.5851399302482605,0.6962189674377441
283,0.47224146127700806,4.999999987376214e-07,0.636567234992981,0.6981346011161804,0.5199286341667175,0.578438401222229,0.7009174227714539
284,0.473783403635025,4.999999987376214e-07,0.6364015340805054,0.6999773383140564,0.5136635303497314,0.5820167660713196,0.6960976123809814
285,0.4699540138244629,4.999999987376214e-07,0.6421615481376648,0.7004434466362,0.5121326446533203,0.5820084810256958,0.6956183910369873
286,0.4565514922142029,4.999999987376214e-07,0.6566866636276245,0.702046275138855,0.5147050619125366,0.579086422920227,0.6962782144546509
287,0.4633089303970337,4.999999987376214e-07,0.6471168994903564,0.7000557780265808,0.5157318115234375,0.5824987888336182,0.698436975479126
288,0.46480709314346313,4.999999987376214e-07,0.6487976908683777,0.6991257071495056,0.5073850750923157,0.5855220556259155,0.6912519335746765
289,0.46537554264068604,4.999999987376214e-07,0.6462798118591309,0.6995487213134766,0.5152446031570435,0.5804352760314941,0.696540355682373
290,0.4754461348056793,4.999999987376214e-07,0.6340891718864441,0.6965241432189941,0.5209640860557556,0.5787546634674072,0.7022349834442139
291,0.4919046461582184,4.999999987376214e-07,0.6180897951126099,0.7041845321655273,0.5183771252632141,0.5808432102203369,0.7025806903839111
292,0.4916432797908783,4.999999987376214e-07,0.6184499859809875,0.7056969404220581,0.5139434933662415,0.5827130079269409,0.6988430023193359
293,0.4904089868068695,4.999999987376214e-07,0.616787850856781,0.7011216282844543,0.5134924650192261,0.583196222782135,0.6985546946525574
294,0.4634740352630615,4.999999987376214e-07,0.6453772187232971,0.7001391649246216,0.5207998156547546,0.576993465423584,0.7033130526542664
295,0.4610591232776642,4.999999987376214e-07,0.6496888399124146,0.7015246152877808,0.5177503228187561,0.57768315076828,0.7007668018341064
296,0.46503856778144836,4.999999987376214e-07,0.6450163125991821,0.702017605304718,0.5159891247749329,0.5787503123283386,0.6978026032447815
297,0.455763578414917,4.999999987376214e-07,0.6575285196304321,0.6998693943023682,0.5167531967163086,0.5799084305763245,0.7005918025970459
298,0.4753453731536865,4.999999987376214e-07,0.6326943635940552,0.699004054069519,0.5200420022010803,0.5807679295539856,0.7047314047813416
299,0.48362618684768677,4.999999987376214e-07,0.6212010979652405,0.7016929388046265,0.5178306102752686,0.5803515911102295,0.7018004655838013
