slug,key,t1,mask
Approx-Numeracy-Processed,sub-001_T1w_MNI_norm.nii.gz,/home/rbielski/stroke_cleaned/ARC_ATLAS_Combined/ARC_ATLAS_Train_v4/ARC_ATLAS_Train_Experiment/data/train/t1/Approx-Numeracy-Processed__sub-001_T1w_MNI_norm.nii.gz,/home/rbielski/stroke_cleaned/ARC_ATLAS_Combined/ARC_ATLAS_Train_v4/ARC_ATLAS_Train_Experiment/data/train/masks/Approx-Numeracy-Processed__sub-001_lesion_mask_MNI_clean.nii.gz
Approx-Numeracy-Processed,sub-002_T1w_MNI_norm.nii.gz,/home/rbielski/stroke_cleaned/ARC_ATLAS_Combined/ARC_ATLAS_Train_v4/ARC_ATLAS_Train_Experiment/data/train/t1/Approx-Numeracy-Processed__sub-002_T1w_MNI_norm.nii.gz,/home/rbielski/stroke_cleaned/ARC_ATLAS_Combined/ARC_ATLAS_Train_v4/ARC_ATLAS_Train_Experiment/data/train/masks/Approx-Numeracy-Processed__sub-002_lesion_mask_MNI_clean.nii.gz
Approx-Numeracy-Processed,sub-003_T1w_MNI_norm.nii.gz,/home/rbielski/stroke_cleaned/ARC_ATLAS_Combined/ARC_ATLAS_Train_v4/ARC_ATLAS_Train_Experiment/data/train/t1/Approx-Numeracy-Processed__sub-003_T1w_MNI_norm.nii.gz,/home/rbielski/stroke_cleaned/ARC_ATLAS_Combined/ARC_ATLAS_Train_v4/ARC_ATLAS_Train_Experiment/data/train/masks/Approx-Numeracy-Processed__sub-003_lesion_mask_MNI_clean.nii.gz
ATLAS-Images-f0d7431e,sub-r001s001_ses-1_space-MNI152NLin2009aSym_T1w_MNI_norm.nii.gz,/home/rbielski/stroke_cleaned/ARC_ATLAS_Combined/ARC_ATLAS_Train_v4/ARC_ATLAS_Train_Experiment/data/train/t1/ATLAS-Images-f0d7431e__sub-r001s001_ses-1_space-MNI152NLin2009aSym_T1w_MNI_norm.nii.gz,/home/rbielski/stroke_cleaned/ARC_ATLAS_Combined/ARC_ATLAS_Train_v4/ARC_ATLAS_Train_Experiment/data/train/masks/ATLAS-Images-f0d7431e__sub-r001s001_ses-1_space-MNI152NLin2009aSym_lesion_mask_MNI_clean.nii.gz
ATLAS-Images-f0d7431e,sub-r001s002_ses-1_space-MNI152NLin2009aSym_T1w_MNI_norm.nii.gz,/home/rbielski/stroke_cleaned/ARC_ATLAS_Combined/ARC_ATLAS_Train_v4/ARC_ATLAS_Train_Experiment/data/train/t1/ATLAS-Images-f0d7431e__sub-r001s002_ses-1_space-MNI152NLin2009aSym_T1w_MNI_norm.nii.gz,/home/rbielski/stroke_cleaned/ARC_ATLAS_Combined/ARC_ATLAS_Train_v4/ARC_ATLAS_Train_Experiment/data/train/masks/ATLAS-Images-f0d7431e__sub-r001s002_ses-1_space-MNI152NLin2009aSym_lesion_mask_MNI_clean.nii.gz
ATLAS-Images-f0d7431e,sub-r001s003_ses-1_space-MNI152NLin2009aSym_T1w_MNI_norm.nii.gz,/home/rbielski/stroke_cleaned/ARC_ATLAS_Combined/ARC_ATLAS_Train_v4/ARC_ATLAS_Train_Experiment/data/train/t1/ATLAS-Images-f0d7431e__sub-r001s003_ses-1_space-MNI152NLin2009aSym_T1w_MNI_norm.nii.gz,/home/rbielski/stroke_cleaned/ARC_ATLAS_Combined/ARC_ATLAS_Train_v4/ARC_ATLAS_Train_Experiment/data/train/masks/ATLAS-Images-f0d7431e__sub-r001s003_ses-1_space-MNI152NLin2009aSym_lesion_mask_MNI_clean.nii.gz
ARC-combined-t1-raw-ab0d1794,sub-M2012_ses-1158_acq-tfl3p2_run-3_T1w_MNI_norm.nii.gz,/home/rbielski/stroke_cleaned/ARC_ATLAS_Combined/ARC_ATLAS_Train_v4/ARC_ATLAS_Train_Experiment/data/train/t1/ARC-combined-t1-raw-ab0d1794__sub-M2012_ses-1158_acq-tfl3p2_run-3_T1w_MNI_norm.nii.gz,/home/rbielski/stroke_cleaned/ARC_ATLAS_Combined/ARC_ATLAS_Train_v4/ARC_ATLAS_Train_Experiment/data/train/masks/ARC-combined-t1-raw-ab0d1794__sub-M2012_ses-1158_acq-tfl3p2_run-3_lesion_mask_MNI_clean.nii.gz
ARC-combined-t1-raw-ab0d1794,sub-M2018_ses-341_acq-tfl3p2_run-3_T1w_MNI_norm.nii.gz,/home/rbielski/stroke_cleaned/ARC_ATLAS_Combined/ARC_ATLAS_Train_v4/ARC_ATLAS_Train_Experiment/data/train/t1/ARC-combined-t1-raw-ab0d1794__sub-M2018_ses-341_acq-tfl3p2_run-3_T1w_MNI_norm.nii.gz,/home/rbielski/stroke_cleaned/ARC_ATLAS_Combined/ARC_ATLAS_Train_v4/ARC_ATLAS_Train_Experiment/data/train/masks/ARC-combined-t1-raw-ab0d1794__sub-M2018_ses-341_acq-tfl3p2_run-3_lesion_mask_MNI_clean.nii.gz
ARC-combined-t1-raw-ab0d1794,sub-M2026_ses-3098_acq-tfl3p2_run-3_T1w_MNI_norm.nii.gz,/home/rbielski/stroke_cleaned/ARC_ATLAS_Combined/ARC_ATLAS_Train_v4/ARC_ATLAS_Train_Experiment/data/train/t1/ARC-combined-t1-raw-ab0d1794__sub-M2026_ses-3098_acq-tfl3p2_run-3_T1w_MNI_norm.nii.gz,/home/rbielski/stroke_cleaned/ARC_ATLAS_Combined/ARC_ATLAS_Train_v4/ARC_ATLAS_Train_Experiment/data/train/masks/ARC-combined-t1-raw-ab0d1794__sub-M2026_ses-3098_acq-tfl3p2_run-3_lesion_mask_MNI_clean.nii.gz
